{
  "$schema": "./node_modules/@angular/service-worker/config/schema.json",
  "index": "/index.html",
  "assetGroups": [
    {
      "name": "app",
      "installMode": "prefetch",
      "resources": {
        "files": [
          "/favicon.ico",
          "/index.html",
          "/manifest.webmanifest",
          "/*.css",
          "/*.js"
        ]
      }
    },
    {
      "name": "assets",
      "installMode": "lazy",
      "updateMode": "prefetch",
      "resources": {
        "files": [
          "/assets/**",
          "/*.(svg|cur|jpg|jpeg|png|apng|webp|avif|gif|otf|ttf|woff|woff2)"
        ]

      }
    }
  ],
  "dataGroups": [
    {
      "name": "api-call",
      "urls": ["http://localhost:4200"],
      "cacheConfig": {
        "maxAge": "12h",
        "maxSize": 10,  
        "strategy": "freshness",
        "timeout": "5s"
      }
    }
  ]
}